[
    {
        "id": 1,
        "name": "Honey Spritiz",
        "price": 6.00,
        "image": "assets/images/Honey Spritz.jpg"
    },
    {         
        "id": 2,
        "name": "Valley Soup",
        "price": 9.00,
        "image": "assets/images/Valley Soup.jpg"
    },
    {
        "id" : 3,
        "name": "Honey Tee",
        "price": 7.50,
        "image": "assets/images/Honey Tea.jpg"
    },
    {
        "id" : 4,
        "name": "Lemon Tea",
        "price": 7.99,
        "image": "assets/images/Lemon Chamomile.jpg"
    },
    {
        "id" : 5,
        "name": "Margarita",
        "price": 8.99,
        "image": "assets/images/Mango Margarita.jpg"
    },
    {
        "id" : 6,
        "name": "Mineral Water",
        "price": 8.99,
        "image": "assets/images/mineralwater.jpg"
    },
    {
        "id" : 7,
        "name": "Wild Mushroom Ravioli",
        "price": 4.99,
        "image": "assets/images/Wild Mushroom Ravioli.jpg"     
    },
    {
        "id" : 8,
        "name": "Braised Pork Belly",
        "price": 9.99,
        "image": "assets/images/Braised Pork Belly.jpg"
    },
    {
        "id" : 9,
        "name": "Chilled Oysters",
        "price": 10.99,
        "image": "assets/images/Chilled Oysters.jpg"
    },
    {
        "id" : 10,
        "name": "Chicken Fried Quail",
        "price": 11.00,
        "image": "assets/images/Chicken Fried Quail.jpg"
    },
    {
        "id" : 11,
        "name": "Tequila Cured Salmon",
        "price": 9.99,
        "image": "assets/images/Tequila Cured Salmon.jpg"
    },
    {
        "id" : 12,
        "name": "Grilled Asparagus",
        "price": 10.50,
        "image": "assets/images/Grilled Asparagus.jpg"
    },
    {
        "id" : 13,
        "name": "Roasted Chicken",
        "price": 4.99,
        "image": "assets/images/Roasted Chicken.jpg"     
    },
    {
        "id" : 14,
        "name": "Grilled Steak",
        "price": 9.99,
        "image": "assets/images/Grilled Cauliflower Steak.jpg"
    },
    {
        "id" : 15,
        "name": "Sauted Salmon",
        "price": 10.99,
        "image": "assets/images/Sauteed King Salmon.jpg"
    },
    {
        "id" : 16,
        "name": "Sauted Cod",
        "price": 11.00,
        "image": "assets/images/Sauteed Cod.jpg"
    },
    {
        "id" : 17,
        "name": "Roasted Duck",
        "price": 9.99,
        "image": "assets/images/Roasted Duck Breast.jpg"
    },
    {
        "id" : 18,
        "name": "Grilled Strip",
        "price": 10.50,
        "image": "assets/images/Grilled Meiller Strip.jpg"
    }
]