[
    {
        "id": 1,
        "name": "Coffee",
        "price": 6.00,
        "image": "assets/images/coffee.jpeg"
    },
    {         
        "id": 2,
        "name": "Lassi",
        "price": 9.00,
        "image": "assets/images/lassi.jpg"
    },
    {
        "id" : 3,
        "name": "Milk",
        "price": 7.50,
        "image": "assets/images/milk.jpg"
    },
    {
        "id" : 4,
        "name": "Iced Tea",
        "price": 7.99,
        "image": "assets/images/icedtea.jpg"
    },
    {
        "id" : 5,
        "name": "Mango Juice",
        "price": 8.99,
        "image": "assets/images/mangojuice.jpg"
    },
    {
        "id" : 6,
        "name": "Mineral Water",
        "price": 8.99,
        "image": "assets/images/mineralwater.jpg"
    },
    {
        "id" : 7,
        "name": "Chana Nan",
        "price": 4.99,
        "image": "assets/images/Chana Nan.jpg"     
    },
    {
        "id" : 8,
        "name": "Chicken Tikka",
        "price": 9.99,
        "image": "assets/images/Chicken Tikka.jpg"
    },
    {
        "id" : 9,
        "name": "Cheakpea Salad",
        "price": 10.99,
        "image": "assets/images/chickpea-salad.jpg"
    },
    {
        "id" : 10,
        "name": "Chicken 65",
        "price": 11.00,
        "image": "assets/images/Chicken 65.jpg"
    },
    {
        "id" : 11,
        "name": "Chicken Tikka Salad",
        "price": 9.99,
        "image": "assets/images/Chicken Tikka Salad.jpg"
    },
    {
        "id" : 12,
        "name": "Pappada",
        "price": 10.50,
        "image": "assets/images/Pappada.jpg"
    },
    {
        "id" : 13,
        "name": "Curry",
        "price": 4.99,
        "image": "assets/images/Chicken Curry.jpg"     
    },
    {
        "id" : 14,
        "name": "Chicken Karahi",
        "price": 9.99,
        "image": "assets/images/Chicken Karahi.jpg"
    },
    {
        "id" : 15,
        "name": "Kebab",
        "price": 10.99,
        "image": "assets/images/Chicken Kebab.jpg"
    },
    {
        "id" : 16,
        "name": "Duipaza",
        "price": 11.00,
        "image": "assets/images/Duipaza.jpg"
    },
    {
        "id" : 17,
        "name": "Chicken Korma",
        "price": 9.99,
        "image": "assets/images/Chicken Korma.jpg"
    },
    {
        "id" : 18,
        "name": "Dal Makhni",
        "price": 10.50,
        "image": "assets/images/Dal Makhni.jpg"
    }
]